BINNAME,INTNAME,REANAME
0,0,-0.604781985619751
1,1,-1.58423191341694
1,2,1.17918428404929
