BINNAME,INTNAME,REANAME,CATNAME
0,1,-0.604781985619751,1
1,2,-1.58423191341694,2
1,3,1.17918428404929,3
