Vr,Vi1,Vi2,Vb
-0.604781985619751,5,54,0
-1.58423191341694,6,50,1
1.17918428404929,7,62,1
-0.276979406483383,6,57,0
1.90664527687869,5,57,1
-0.568470674139254,4,51,0
-0.0692506200749189,6,49,1
-1.34539112281417,3,55,1
1.32667712821891,4,55,0
1.6894051475235,6,54,0
