"","type","min","max","n","location","scale","Q1","Q3","Q2","plotmin","plotmax","mean","sd","shapeout","shapein","varscale"
"Apoe4_",2,0,1,2,0,1,0,1,1,0,1,NA,NA,1,1,NA
"GDTOTAL_gds",1,0,6,7,0,1,1,2,1,0,6,0,0.875,1,1,0.25
"TRAASCOR_neuro",-2,0,150,0.015625,-2.41935483870968,154.838709677419,30,49,37,6,150,0,1,1,1,0.25
"AGE",-1,0,Inf,Inf,4.30203577978029,0.103828723358743,68.6416666666667,79,73.85,49.7916666666667,86.25,0,3,0.5,0.5,1
