Apoe4_,Subgroup_num_,Gender_num_,GDTOTAL_gds,AVDEL30MIN_neuro,AVDELTOT_neuro,CATANIMSC_neuro,ANARTERR_neuro,RAVLT_immediate,TRAASCOR_neuro,TRABSCOR_neuro,AGE,LRHHC_n_long
,,,,,,,,,,,,
0,0,0,3,7,13,22,2,37,67,271,67.5,0.00396568725028506
0,0,0,0,0,0,0,0,0,0,0,67.5,0.00396568725028506
1,1,1,6,15,15,63,50,75,150,300,67.5,0.00396568725028506
,0,1,0,1,7,13,17,30,49,168,80.4,0.00363758764152672
0,0,0,,5,10,19,23,27,61,300,76.8,0.00525082967455331
1,1,0,2,0,11,17,3,29,,151,77.3,0.00334297155236863
0,1,0,2,0,6,9,7,18,55,157,,0.00343605293547656
