Rvar,Rvar2,Lvar,Ovar,Nvar,Bvar
0.524096710763001,-0.4,-1,3,c,0
,-1,1,5,f,1
-0.0196797180885264,-0.2,,2,c,1
0.183139893616388,-0.5,1,,c,1
-0.361351481729308,0.9,-1,5,,1
-0.484483992139172,-0.8,-1,5,d,
-0.666312946684043,0.4,-0.804331119539049,5,d,1
-0.174469278957147,-0.6,-0.597696367068056,5,e,1
-1.01095966733921,0.2,1,2,f,1
0.739696056597139,-0.8,-0.500368086363459,3,g,0
