name,type,Nvalues,rounding,domainmin,domainmax,minincluded,maxincluded,centralvalue,lowvalue,highvalue,plotmin,plotmax
Truth,ordinal,6,,0,5,TRUE,TRUE,2.5,1,4,0,5
Predictions,ordinal,6,,0,5,TRUE,TRUE,2,1,4,0,5
Output_class_0,continuous,Inf,0,-800,600,FALSE,FALSE,-6.24910235404968,-10.7303018569946,-0.798288255929947,-209.837848231196,13.2700581997633
Output_class_1,continuous,Inf,0,-30,30,FALSE,FALSE,0.448819443583488,-0.171452216804028,1.05750396847725,-6.34004877135158,3.15211294218898
Output_class_2,continuous,Inf,0,-80,70,FALSE,FALSE,-1.95936799049377,-3.51213425397873,-0.390021950006485,-13.8672256618738,10.8874950557947
Output_class_3,continuous,Inf,0,-20,20,FALSE,FALSE,0.398525089025497,-0.411481626331806,1.11023032665253,-4.74684936180711,3.39104611054063
Output_class_4,continuous,Inf,0,-100,100,FALSE,FALSE,-4.05009198188782,-6.98556256294251,-0.413006067276001,-23.7326798439026,15.6357598304749
Output_class_5,continuous,Inf,0,-40,40,FALSE,FALSE,0.273706957697868,-0.805858835577965,1.11295455694199,-9.12803920358419,4.01633723825216
